<?xml version="1.0" encoding="UTF-8"?>
<osm version="0.6" generator="CGImap 0.6.1 (1977 thorn-01.openstreetmap.org)" copyright="OpenStreetMap and contributors" attribution="http://www.openstreetmap.org/copyright" license="http://opendatacommons.org/licenses/odbl/1-0/">
 <node id="1418907844" visible="true" version="1" changeset="9173301" timestamp="2011-08-31T05:56:53Z" user="TI2KOL" uid="61957" lat="5.3886867" lon="-87.2070334"/>
 <node id="1418907845" visible="true" version="1" changeset="9173301" timestamp="2011-08-31T05:56:54Z" user="TI2KOL" uid="61957" lat="5.5325696" lon="-87.2604200"/>
 <node id="1418907846" visible="true" version="1" changeset="9173301" timestamp="2011-08-31T05:56:54Z" user="TI2KOL" uid="61957" lat="5.6921327" lon="-87.0698759"/>
 <node id="1418907847" visible="true" version="1" changeset="9173301" timestamp="2011-08-31T05:56:54Z" user="TI2KOL" uid="61957" lat="5.3329698" lon="-87.0336554"/>
 <node id="1418907848" visible="true" version="1" changeset="9173301" timestamp="2011-08-31T05:56:54Z" user="TI2KOL" uid="61957" lat="5.3783213" lon="-87.1549685"/>
 <node id="1418907849" visible="true" version="1" changeset="9173301" timestamp="2011-08-31T05:56:54Z" user="TI2KOL" uid="61957" lat="5.4110745" lon="-87.2351858"/>
 <node id="1418907850" visible="true" version="1" changeset="9173301" timestamp="2011-08-31T05:56:54Z" user="TI2KOL" uid="61957" lat="5.6629226" lon="-86.8896315"/>
 <node id="1418907851" visible="true" version="1" changeset="9173301" timestamp="2011-08-31T05:56:54Z" user="TI2KOL" uid="61957" lat="5.7011858" lon="-86.9622442"/>
 <node id="1418907852" visible="true" version="1" changeset="9173301" timestamp="2011-08-31T05:56:54Z" user="TI2KOL" uid="61957" lat="5.3350209" lon="-87.0645544"/>
 <node id="1418907853" visible="true" version="1" changeset="9173301" timestamp="2011-08-31T05:56:54Z" user="TI2KOL" uid="61957" lat="5.3801415" lon="-86.9272253"/>
 <node id="1418907854" visible="true" version="1" changeset="9173301" timestamp="2011-08-31T05:56:54Z" user="TI2KOL" uid="61957" lat="5.5875845" lon="-87.2217962"/>
 <node id="1418907855" visible="true" version="1" changeset="9173301" timestamp="2011-08-31T05:56:54Z" user="TI2KOL" uid="61957" lat="5.4621704" lon="-87.2511503"/>
 <node id="1418907856" visible="true" version="1" changeset="9173301" timestamp="2011-08-31T05:56:54Z" user="TI2KOL" uid="61957" lat="5.6834210" lon="-87.1098730"/>
 <node id="1418907857" visible="true" version="1" changeset="9173301" timestamp="2011-08-31T05:56:54Z" user="TI2KOL" uid="61957" lat="5.6458400" lon="-87.1606848"/>
 <node id="1418907858" visible="true" version="1" changeset="9173301" timestamp="2011-08-31T05:56:54Z" user="TI2KOL" uid="61957" lat="5.5200965" lon="-86.8628523"/>
 <node id="1418907859" visible="true" version="1" changeset="9173301" timestamp="2011-08-31T05:56:54Z" user="TI2KOL" uid="61957" lat="5.3864649" lon="-87.1824858"/>
 <node id="1418907860" visible="true" version="1" changeset="9173301" timestamp="2011-08-31T05:56:54Z" user="TI2KOL" uid="61957" lat="5.3435667" lon="-87.0983717"/>
 <node id="1418907861" visible="true" version="2" changeset="14601974" timestamp="2013-01-10T19:34:21Z" user="cdavila" uid="26599" lat="5.3591711" lon="-87.1264212"/>
 <node id="1418907862" visible="true" version="1" changeset="9173301" timestamp="2011-08-31T05:56:54Z" user="TI2KOL" uid="61957" lat="5.6525022" lon="-86.8733236"/>
 <node id="1418907863" visible="true" version="1" changeset="9173301" timestamp="2011-08-31T05:56:54Z" user="TI2KOL" uid="61957" lat="5.3589489" lon="-86.9536612"/>
 <node id="1418907864" visible="true" version="1" changeset="9173301" timestamp="2011-08-31T05:56:55Z" user="TI2KOL" uid="61957" lat="5.6820545" lon="-86.9210455"/>
 <node id="1418907865" visible="true" version="1" changeset="9173301" timestamp="2011-08-31T05:56:55Z" user="TI2KOL" uid="61957" lat="5.3683062" lon="-87.1407034"/>
 <node id="1418907866" visible="true" version="1" changeset="9173301" timestamp="2011-08-31T05:56:55Z" user="TI2KOL" uid="61957" lat="5.5708414" lon="-86.8508360"/>
 <node id="1418907867" visible="true" version="1" changeset="9173301" timestamp="2011-08-31T05:56:55Z" user="TI2KOL" uid="61957" lat="5.6709512" lon="-87.1359655"/>
 <node id="1418907868" visible="true" version="1" changeset="9173301" timestamp="2011-08-31T05:56:55Z" user="TI2KOL" uid="61957" lat="5.3350209" lon="-86.9996664"/>
 <node id="1418907869" visible="true" version="1" changeset="9173301" timestamp="2011-08-31T05:56:55Z" user="TI2KOL" uid="61957" lat="5.6972571" lon="-87.0515081"/>
 <node id="1418907870" visible="true" version="1" changeset="9173301" timestamp="2011-08-31T05:56:55Z" user="TI2KOL" uid="61957" lat="5.6188484" lon="-87.1917555"/>
 <node id="1418907871" visible="true" version="1" changeset="9173301" timestamp="2011-08-31T05:56:55Z" user="TI2KOL" uid="61957" lat="5.7015274" lon="-87.0273039"/>
 <node id="1418907872" visible="true" version="1" changeset="9173301" timestamp="2011-08-31T05:56:55Z" user="TI2KOL" uid="61957" lat="5.6376401" lon="-86.8628523"/>
 <node id="1418907873" visible="true" version="1" changeset="9173301" timestamp="2011-08-31T05:56:55Z" user="TI2KOL" uid="61957" lat="5.4913905" lon="-87.2638533"/>
 <node id="1418907874" visible="true" version="1" changeset="9173301" timestamp="2011-08-31T05:56:55Z" user="TI2KOL" uid="61957" lat="5.5105280" lon="-87.2722647"/>
 <node id="1418907875" visible="true" version="1" changeset="9173301" timestamp="2011-08-31T05:56:55Z" user="TI2KOL" uid="61957" lat="5.6174817" lon="-86.8542692"/>
 <node id="1418907876" visible="true" version="1" changeset="9173301" timestamp="2011-08-31T05:56:55Z" user="TI2KOL" uid="61957" lat="5.4888274" lon="-86.8680021"/>
 <node id="1418907877" visible="true" version="1" changeset="9173301" timestamp="2011-08-31T05:56:55Z" user="TI2KOL" uid="61957" lat="5.4050931" lon="-86.9064543"/>
 <node id="1418907878" visible="true" version="1" changeset="9173301" timestamp="2011-08-31T05:56:55Z" user="TI2KOL" uid="61957" lat="5.4462782" lon="-86.8892881"/>
 <way id="128373311" visible="true" version="2" changeset="15572595" timestamp="2013-04-01T19:00:02Z" user="ian29" uid="401102">
  <nd ref="1418907865"/>
  <nd ref="1418907861"/>
  <nd ref="1418907860"/>
  <nd ref="1418907852"/>
  <nd ref="1418907847"/>
  <nd ref="1418907868"/>
  <nd ref="1418907863"/>
  <nd ref="1418907853"/>
  <nd ref="1418907877"/>
  <nd ref="1418907878"/>
  <nd ref="1418907876"/>
  <nd ref="1418907858"/>
  <nd ref="1418907866"/>
  <nd ref="1418907875"/>
  <nd ref="1418907872"/>
  <nd ref="1418907862"/>
  <nd ref="1418907850"/>
  <nd ref="1418907864"/>
  <nd ref="1418907851"/>
  <nd ref="1418907871"/>
  <nd ref="1418907869"/>
  <nd ref="1418907846"/>
  <nd ref="1418907856"/>
  <nd ref="1418907867"/>
  <nd ref="1418907857"/>
  <nd ref="1418907870"/>
  <nd ref="1418907854"/>
  <nd ref="1418907845"/>
  <nd ref="1418907874"/>
  <nd ref="1418907873"/>
  <nd ref="1418907855"/>
  <nd ref="1418907849"/>
  <nd ref="1418907844"/>
  <nd ref="1418907859"/>
  <nd ref="1418907848"/>
  <nd ref="1418907865"/>
  <tag k="boundary" v="administrative"/>
  <tag k="maritime" v="yes"/>
  <tag k="protection_title" v="Marine Reserve"/>
 </way>
</osm>
